,text file,IoU,Confidence,predict label,truth label,predict bbox,truth bbox
0,mask_0.txt,0.83203125,0.9594705104827881,Mask,Mask,"['79', '119', '221', '374']","['70', '109', '230', '381']"
1,mask_1.txt,0.7454722492697177,0.9647666215896606,Mask,Mask,"['145', '22', '365', '370']","['118', '5', '378', '400']"
2,mask_11.txt,-0.26111848076520283,0.9979079961776733,Mask,Mask,"['439', '90', '659', '374']","['69', '22', '239', '277']"
3,mask_11.txt,0.9340382369213746,0.9979079961776733,Mask,Mask,"['439', '90', '659', '374']","['445', '83', '662', '375']"
4,mask_11.txt,0.7995708154506438,0.9933503270149231,Mask,Mask,"['40', '19', '231', '275']","['69', '22', '239', '277']"
5,mask_11.txt,-0.2679395883871977,0.9933503270149231,Mask,Mask,"['40', '19', '231', '275']","['445', '83', '662', '375']"
6,mask_12.txt,0.7835173729548477,0.9454957246780396,Mask,Mask,"['105', '101', '318', '403']","['92', '95', '300', '379']"
7,mask_12.txt,-0.34623139788016133,0.9454957246780396,Mask,Mask,"['105', '101', '318', '403']","['575', '96', '819', '433']"
8,mask_12.txt,-0.36506121065785574,0.8901649117469788,non-Mask,Mask,"['579', '101', '826', '408']","['92', '95', '300', '379']"
9,mask_12.txt,0.8732237458075068,0.8901649117469788,non-Mask,Mask,"['579', '101', '826', '408']","['575', '96', '819', '433']"
10,mask_13.txt,0.824002296870514,0.9850479364395142,Mask,Mask,"['77', '53', '217', '245']","['72', '77', '218', '241']"
11,mask_13.txt,-0.35515813735114604,0.9850479364395142,Mask,Mask,"['77', '53', '217', '245']","['374', '62', '490', '221']"
12,mask_13.txt,-0.32266410162857806,0.9715043902397156,Mask,Mask,"['370', '63', '489', '205']","['72', '77', '218', '241']"
13,mask_13.txt,0.858931201346518,0.9715043902397156,Mask,Mask,"['370', '63', '489', '205']","['374', '62', '490', '221']"
14,mask_14.txt,0.813362381989833,0.9952692985534668,non-Mask,non-Mask,"['112', '59', '252', '250']","['111', '86', '256', '246']"
15,mask_14.txt,-0.40690455072661524,0.9952692985534668,non-Mask,non-Mask,"['112', '59', '252', '250']","['465', '82', '607', '261']"
16,mask_14.txt,-0.37383177570093457,0.8655316829681396,non-Mask,non-Mask,"['456', '55', '608', '255']","['111', '86', '256', '246']"
17,mask_14.txt,0.7860616920517087,0.8655316829681396,non-Mask,non-Mask,"['456', '55', '608', '255']","['465', '82', '607', '261']"
18,mask_15.txt,-0.34622969661599856,0.9941279292106628,non-Mask,non-Mask,"['959', '152', '1292', '654']","['190', '46', '540', '615']"
19,mask_15.txt,0.9120804341538933,0.9941279292106628,non-Mask,non-Mask,"['959', '152', '1292', '654']","['957', '129', '1293', '635']"
20,mask_15.txt,0.8624255009773575,0.9246898889541626,non-Mask,non-Mask,"['187', '49', '570', '646']","['190', '46', '540', '615']"
21,mask_15.txt,-0.3293954976458774,0.9246898889541626,non-Mask,non-Mask,"['187', '49', '570', '646']","['957', '129', '1293', '635']"
22,mask_16.txt,0.8904164176130703,0.9219938516616821,Mask,Mask,"['174', '65', '256', '180']","['173', '63', '259', '174']"
23,mask_17.txt,0.778131212723658,0.7809913754463196,Mask,Mask,"['171', '60', '254', '175']","['178', '71', '259', '174']"
24,mask_18.txt,0.7009890498057224,0.9804379940032959,Mask,Mask,"['240', '44', '389', '234']","['247', '79', '382', '226']"
25,mask_19.txt,0.8990325334345063,0.7686318159103394,Mask,Mask,"['456', '62', '672', '345']","['458', '78', '671', '355']"
26,mask_2.txt,0.8827663576071535,0.9986491799354553,Mask,Mask,"['188', '159', '548', '720']","['205', '174', '566', '721']"
27,mask_20.txt,0.8299835671849324,0.9208190441131592,Mask,Mask,"['307', '74', '374', '184']","['307', '86', '376', '189']"
28,mask_22.txt,0.7041271385713127,0.9137250185012817,Mask,non-Mask,"['53', '71', '211', '302']","['55', '107', '214', '274']"
29,mask_23.txt,0.7152150038016389,0.8447971940040588,Mask,non-Mask,"['88', '34', '177', '167']","['94', '44', '177', '146']"
30,mask_24.txt,0.7162338226352819,0.9991421103477478,Mask,Mask,"['81', '46', '205', '210']","['74', '77', '212', '216']"
31,mask_25.txt,0.0,,,Mask,"[None, None, None, None]","['93', '46', '212', '156']"
32,mask_26.txt,0.6527987353596321,0.9305405616760254,Mask,Mask,"['0', '69', '127', '357']","['1', '120', '116', '402']"
33,mask_26.txt,0.01547159758058946,0.9305405616760254,Mask,Mask,"['0', '69', '127', '357']","['120', '133', '363', '406']"
34,mask_26.txt,-0.027869468108236317,0.5250978469848633,Mask,Mask,"['126', '91', '334', '408']","['1', '120', '116', '402']"
35,mask_26.txt,0.7521956259686585,0.5250978469848633,Mask,Mask,"['126', '91', '334', '408']","['120', '133', '363', '406']"
36,mask_27.txt,0.702348653018718,0.9941179752349854,Mask,Mask,"['170', '117', '468', '571']","['144', '224', '473', '568']"
37,mask_28.txt,0.6814356390455848,0.9997310042381287,Mask,Mask,"['170', '102', '361', '374']","['198', '145', '366', '384']"
38,mask_29.txt,0.3766624298601854,0.9869713187217712,Mask,Mask,"['109', '76', '355', '424']","['193', '199', '370', '468']"
39,mask_3.txt,0.6484106233659006,0.9898093342781067,non-Mask,Mask,"['316', '201', '495', '391']","['322', '239', '477', '406']"
40,mask_30.txt,0.6163409514235875,0.9946591854095459,Mask,Mask,"['220', '85', '435', '394']","['260', '153', '433', '401']"
41,mask_31.txt,0.885520542481053,0.7358136773109436,non-Mask,non-Mask,"['268', '35', '328', '113']","['267', '39', '329', '116']"
42,mask_31.txt,-0.5275094498110038,0.7358136773109436,non-Mask,Mask,"['268', '35', '328', '113']","['485', '49', '539', '129']"
43,mask_31.txt,-0.5390807582446118,0.7358136773109436,non-Mask,Mask,"['268', '35', '328', '113']","['674', '89', '718', '144']"
44,mask_32.txt,-0.4531442663378545,0.8248412609100342,non-Mask,Mask,"['77', '44', '92', '65']","['77', '114', '99', '140']"
45,mask_32.txt,-2.1732804232804233,0.8248412609100342,non-Mask,Mask,"['77', '44', '92', '65']","['2', '96', '24', '122']"
46,mask_32.txt,-0.12989921612541994,0.8248412609100342,non-Mask,Mask,"['77', '44', '92', '65']","['26', '61', '48', '82']"
47,mask_32.txt,-0.15967523680649526,0.8248412609100342,non-Mask,Mask,"['77', '44', '92', '65']","['1', '28', '18', '46']"
48,mask_32.txt,0.631578947368421,0.8248412609100342,non-Mask,Mask,"['77', '44', '92', '65']","['75', '41', '95', '64']"
49,mask_32.txt,0.2478920741989882,0.8248412609100342,non-Mask,Mask,"['77', '44', '92', '65']","['113', '72', '130', '97']"
50,mask_32.txt,3.159340659340659,0.8248412609100342,non-Mask,Mask,"['77', '44', '92', '65']","['207', '70', '224', '96']"
51,mask_32.txt,-1.2098548174219095,0.8248412609100342,non-Mask,Mask,"['77', '44', '92', '65']","['242', '120', '273', '156']"
52,mask_32.txt,-2.288224956063269,0.8248412609100342,non-Mask,Mask,"['77', '44', '92', '65']","['278', '18', '300', '37']"
53,mask_32.txt,-0.5760808534531162,0.8248412609100342,non-Mask,non-Mask,"['77', '44', '92', '65']","['146', '46', '166', '68']"
54,mask_32.txt,-0.7577299412915851,0.8248412609100342,non-Mask,Mask,"['77', '44', '92', '65']","['213', '47', '232', '63']"
55,mask_32.txt,-1.8657243816254416,0.671816349029541,non-Mask,Mask,"['147', '46', '164', '70']","['77', '114', '99', '140']"
56,mask_32.txt,-1.441839495040577,0.671816349029541,non-Mask,Mask,"['147', '46', '164', '70']","['2', '96', '24', '122']"
57,mask_32.txt,-0.5059625212947189,0.671816349029541,non-Mask,Mask,"['147', '46', '164', '70']","['26', '61', '48', '82']"
58,mask_32.txt,0.0,0.671816349029541,non-Mask,Mask,"['147', '46', '164', '70']","['1', '28', '18', '46']"
59,mask_32.txt,-0.5188470066518847,0.671816349029541,non-Mask,Mask,"['147', '46', '164', '70']","['75', '41', '95', '64']"
60,mask_32.txt,0.0425531914893617,0.671816349029541,non-Mask,Mask,"['147', '46', '164', '70']","['113', '72', '130', '97']"
61,mask_32.txt,0.0,0.671816349029541,non-Mask,Mask,"['147', '46', '164', '70']","['207', '70', '224', '96']"
62,mask_32.txt,-1.6414141414141414,0.671816349029541,non-Mask,Mask,"['147', '46', '164', '70']","['242', '120', '273', '156']"
63,mask_32.txt,-5.13,0.671816349029541,non-Mask,Mask,"['147', '46', '164', '70']","['278', '18', '300', '37']"
64,mask_32.txt,0.7890295358649789,0.671816349029541,non-Mask,non-Mask,"['147', '46', '164', '70']","['146', '46', '166', '68']"
65,mask_32.txt,-0.5240641711229946,0.671816349029541,non-Mask,Mask,"['147', '46', '164', '70']","['213', '47', '232', '63']"
66,mask_32.txt,-0.671264367816092,0.5825253129005432,non-Mask,Mask,"['245', '120', '271', '153']","['77', '114', '99', '140']"
67,mask_32.txt,-0.2361111111111111,0.5825253129005432,non-Mask,Mask,"['245', '120', '271', '153']","['2', '96', '24', '122']"
68,mask_32.txt,-1.2140771975348685,0.5825253129005432,non-Mask,Mask,"['245', '120', '271', '153']","['26', '61', '48', '82']"
69,mask_32.txt,-1.0744531150057566,0.5825253129005432,non-Mask,Mask,"['245', '120', '271', '153']","['1', '28', '18', '46']"
70,mask_32.txt,-1.1861056198813895,0.5825253129005432,non-Mask,Mask,"['245', '120', '271', '153']","['75', '41', '95', '64']"
71,mask_32.txt,-1.9419970631424377,0.5825253129005432,non-Mask,Mask,"['245', '120', '271', '153']","['113', '72', '130', '97']"
72,mask_32.txt,0.6331658291457286,0.5825253129005432,non-Mask,Mask,"['245', '120', '271', '153']","['207', '70', '224', '96']"
73,mask_32.txt,0.7688172043010753,0.5825253129005432,non-Mask,Mask,"['245', '120', '271', '153']","['242', '120', '273', '156']"
74,mask_32.txt,0.8359712230215828,0.5825253129005432,non-Mask,Mask,"['245', '120', '271', '153']","['278', '18', '300', '37']"
75,mask_32.txt,-1.4619217081850533,0.5825253129005432,non-Mask,non-Mask,"['245', '120', '271', '153']","['146', '46', '166', '68']"
76,mask_32.txt,1.7600950118764846,0.5825253129005432,non-Mask,Mask,"['245', '120', '271', '153']","['213', '47', '232', '63']"
77,mask_33.txt,0.0,,,Mask,"[None, None, None, None]","['291', '61', '325', '100']"
78,mask_33.txt,0.0,,,Mask,"[None, None, None, None]","['462', '37', '491', '75']"
79,mask_33.txt,0.0,,,Mask,"[None, None, None, None]","['536', '82', '566', '117']"
80,mask_33.txt,0.0,,,Mask,"[None, None, None, None]","['114', '28', '150', '65']"
81,mask_33.txt,0.0,,,Mask,"[None, None, None, None]","['267', '39', '291', '75']"
82,mask_33.txt,0.0,,,non-Mask,"[None, None, None, None]","['201', '53', '228', '82']"
83,mask_34.txt,0.0,,,Mask,"[None, None, None, None]","['43', '58', '77', '93']"
84,mask_34.txt,0.0,,,Mask,"[None, None, None, None]","['234', '73', '271', '112']"
85,mask_34.txt,0.0,,,non-Mask,"[None, None, None, None]","['363', '45', '393', '84']"
86,mask_34.txt,0.0,,,Mask,"[None, None, None, None]","['448', '40', '486', '80']"
87,mask_34.txt,0.0,,,Mask,"[None, None, None, None]","['310', '87', '333', '109']"
88,mask_34.txt,0.0,,,Mask,"[None, None, None, None]","['569', '23', '584', '42']"
89,mask_34.txt,0.0,,,Mask,"[None, None, None, None]","['640', '16', '657', '36']"
90,mask_35.txt,0.0,,,Mask,"[None, None, None, None]","['173', '24', '202', '59']"
91,mask_35.txt,0.0,,,Mask,"[None, None, None, None]","['140', '64', '163', '83']"
92,mask_35.txt,0.0,,,Mask,"[None, None, None, None]","['46', '35', '59', '60']"
93,mask_35.txt,0.0,,,Mask,"[None, None, None, None]","['296', '59', '313', '82']"
94,mask_35.txt,0.0,,,Mask,"[None, None, None, None]","['269', '44', '287', '63']"
95,mask_36.txt,0.7710309930423782,0.6547088027000427,non-Mask,Mask,"['383', '167', '433', '223']","['387', '170', '437', '226']"
96,mask_36.txt,-0.6066021345246959,0.6547088027000427,non-Mask,Mask,"['383', '167', '433', '223']","['621', '171', '681', '230']"
97,mask_36.txt,0.10062893081761007,0.6547088027000427,non-Mask,Mask,"['383', '167', '433', '223']","['353', '142', '403', '191']"
98,mask_36.txt,-0.5691368078175896,0.6547088027000427,non-Mask,Mask,"['383', '167', '433', '223']","['95', '143', '142', '196']"
99,mask_36.txt,-0.3942196531791908,0.6547088027000427,non-Mask,Mask,"['383', '167', '433', '223']","['510', '173', '538', '204']"
100,mask_36.txt,-0.45881910492666417,0.6547088027000427,non-Mask,Mask,"['383', '167', '433', '223']","['220', '160', '261', '197']"
101,mask_36.txt,-0.7723577235772358,0.6547088027000427,non-Mask,Mask,"['383', '167', '433', '223']","['813', '180', '845', '215']"
102,mask_37.txt,0.8426906779661016,0.9139881730079651,non-Mask,Mask,"['323', '59', '364', '102']","['327', '59', '366', '103']"
103,mask_37.txt,-0.39416058394160586,0.9139881730079651,non-Mask,Mask,"['323', '59', '364', '102']","['472', '84', '507', '119']"
104,mask_37.txt,-0.10940919037199125,0.9139881730079651,non-Mask,Mask,"['323', '59', '364', '102']","['181', '45', '198', '61']"
105,mask_38.txt,0.6862910008410429,0.8566720485687256,non-Mask,Mask,"['233', '84', '258', '121']","['234', '87', '264', '123']"
106,mask_38.txt,-0.1586729174179589,0.8566720485687256,non-Mask,Mask,"['233', '84', '258', '121']","['368', '44', '400', '88']"
107,mask_39.txt,0.8694158075601375,0.672409176826477,non-Mask,non-Mask,"['79', '64', '104', '98']","['80', '63', '103', '97']"
108,mask_39.txt,-0.484472049689441,0.672409176826477,non-Mask,non-Mask,"['79', '64', '104', '98']","['169', '58', '196', '88']"
109,mask_39.txt,-0.4953664700926706,0.6673813462257385,non-Mask,non-Mask,"['166', '56', '195', '91']","['80', '63', '103', '97']"
110,mask_39.txt,0.7464114832535885,0.6673813462257385,non-Mask,non-Mask,"['166', '56', '195', '91']","['169', '58', '196', '88']"
111,mask_4.txt,0.7040356168318254,0.9903160333633423,Mask,Mask,"['276', '224', '698', '719']","['310', '304', '696', '685']"
112,mask_4.txt,-0.3702294173326698,0.9903160333633423,Mask,Mask,"['276', '224', '698', '719']","['1240', '299', '1626', '761']"
113,mask_4.txt,-0.41005015651818716,0.8602694272994995,Mask,Mask,"['1276', '254', '1650', '664']","['310', '304', '696', '685']"
114,mask_4.txt,0.6264650209393788,0.8602694272994995,Mask,Mask,"['1276', '254', '1650', '664']","['1240', '299', '1626', '761']"
115,mask_40.txt,0.0,,,non-Mask,"[None, None, None, None]","['384', '457', '498', '573']"
116,mask_40.txt,0.0,,,non-Mask,"[None, None, None, None]","['748', '443', '862', '551']"
117,mask_41.txt,-1.2612687122653212,0.8624298572540283,non-Mask,Mask,"['1495', '169', '1579', '272']","['227', '36', '275', '119']"
118,mask_41.txt,-1.4763293783751823,0.8624298572540283,non-Mask,Mask,"['1495', '169', '1579', '272']","['580', '48', '624', '126']"
119,mask_41.txt,-0.4422772191650581,0.8624298572540283,non-Mask,Mask,"['1495', '169', '1579', '272']","['1037', '106', '1138', '212']"
120,mask_41.txt,0.7227387996618766,0.8624298572540283,non-Mask,Mask,"['1495', '169', '1579', '272']","['1498', '174', '1600', '269']"
121,mask_42.txt,0.0,,,Mask,"[None, None, None, None]","['351', '57', '413', '122']"
122,mask_42.txt,0.0,,,Mask,"[None, None, None, None]","['696', '44', '758', '104']"
123,mask_42.txt,0.0,,,Mask,"[None, None, None, None]","['538', '140', '602', '178']"
124,mask_43.txt,-0.5027805864509606,0.977368175983429,non-Mask,Mask,"['355', '75', '390', '116']","['83', '98', '134', '147']"
125,mask_43.txt,-0.7016654598117307,0.977368175983429,non-Mask,non-Mask,"['355', '75', '390', '116']","['45', '99', '70', '124']"
126,mask_43.txt,-0.7377938517179023,0.977368175983429,non-Mask,non-Mask,"['355', '75', '390', '116']","['25', '67', '43', '92']"
127,mask_43.txt,0.7987987987987988,0.977368175983429,non-Mask,Mask,"['355', '75', '390', '116']","['354', '78', '393', '118']"
128,mask_43.txt,-0.7237061769616027,0.977368175983429,non-Mask,Mask,"['355', '75', '390', '116']","['696', '99', '715', '128']"
129,mask_44.txt,0.7021450874417172,0.9960201978683472,non-Mask,non-Mask,"['244', '116', '570', '544']","['234', '199', '547', '530']"
130,mask_45.txt,0.0,,,non-Mask,"[None, None, None, None]","['156', '208', '214', '270']"
131,mask_45.txt,0.0,,,Mask,"[None, None, None, None]","['725', '88', '794', '151']"
132,mask_46.txt,0.5810474600825118,0.6275533437728882,Mask,Mask,"['135', '93', '416', '432']","['163', '162', '388', '408']"
133,mask_46.txt,-0.12855219167904902,0.6275533437728882,Mask,Mask,"['135', '93', '416', '432']","['529', '240', '647', '387']"
134,mask_46.txt,-0.19975568343333922,0.6275533437728882,Mask,non-Mask,"['135', '93', '416', '432']","['676', '134', '765', '234']"
135,mask_46.txt,-0.20758836180659823,0.6275533437728882,Mask,Mask,"['135', '93', '416', '432']","['857', '186', '898', '244']"
136,mask_47.txt,0.6650326797385621,0.9453216791152954,Mask,Mask,"['493', '190', '577', '292']","['500', '218', '577', '292']"
137,mask_47.txt,0.05127932901581909,0.9453216791152954,Mask,Mask,"['493', '190', '577', '292']","['598', '121', '627', '167']"
138,mask_48.txt,0.6978011825572801,0.9985284805297852,non-Mask,non-Mask,"['344', '75', '432', '198']","['347', '100', '430', '191']"
139,mask_49.txt,0.7161862527716186,0.8592178821563721,non-Mask,Mask,"['153', '100', '329', '305']","['163', '125', '315', '295']"
140,mask_5.txt,-0.4315535929345644,0.9954094886779785,Mask,Mask,"['541', '94', '730', '303']","['204', '131', '291', '328']"
141,mask_5.txt,0.646844383686489,0.9954094886779785,Mask,Mask,"['541', '94', '730', '303']","['575', '134', '728', '301']"
142,mask_5.txt,0.3982494529540481,0.694090723991394,Mask,Mask,"['137', '92', '311', '313']","['204', '131', '291', '328']"
143,mask_5.txt,-0.40787099997224613,0.694090723991394,Mask,Mask,"['137', '92', '311', '313']","['575', '134', '728', '301']"
144,mask_50.txt,0.6914165350184307,0.6744972467422485,Mask,Mask,"['59', '217', '172', '329']","['62', '210', '153', '318']"
145,mask_50.txt,-0.09277509685312309,0.6744972467422485,Mask,non-Mask,"['59', '217', '172', '329']","['202', '178', '310', '308']"
146,mask_51.txt,0.6358695652173914,0.9984927177429199,Mask,Mask,"['179', '155', '308', '339']","['183', '194', '300', '323']"
147,mask_52.txt,0.6679518072289157,0.9897778034210205,Mask,Mask,"['61', '38', '140', '142']","['74', '58', '141', '142']"
148,mask_52.txt,-0.05966209081309398,0.9897778034210205,Mask,Mask,"['61', '38', '140', '142']","['253', '136', '291', '201']"
149,mask_52.txt,-0.11727616645649433,0.9334429502487183,Mask,Mask,"['234', '129', '290', '191']","['74', '58', '141', '142']"
150,mask_52.txt,0.5208599948809829,0.9334429502487183,Mask,Mask,"['234', '129', '290', '191']","['253', '136', '291', '201']"
151,mask_53.txt,0.0,0.8640875816345215,Mask,,"['156', '69', '377', '386']","[None, None, None]"
152,mask_54.txt,0.0,,,Mask,"[None, None, None, None]","['451', '69', '490', '105']"
153,mask_54.txt,0.0,,,Mask,"[None, None, None, None]","['574', '77', '645', '155']"
154,mask_55.txt,0.0,0.9838449358940125,Mask,,"['128', '140', '641', '662']","[None, None, None]"
155,mask_56.txt,0.4404124827130058,0.5388157963752747,non-Mask,non-Mask,"['301', '264', '558', '621']","['279', '378', '583', '549']"
156,mask_57.txt,0.6425916949426401,0.9873943328857422,Mask,Mask,"['305', '51', '421', '210']","['324', '82', '422', '205']"
157,mask_58.txt,0.0,,,Mask,"[None, None, None, None]","['222', '154', '262', '220']"
158,mask_58.txt,0.0,,,Mask,"[None, None, None, None]","['125', '64', '175', '138']"
159,mask_58.txt,0.0,,,Mask,"[None, None, None, None]","['426', '122', '468', '220']"
160,mask_59.txt,0.749467868303066,0.9838012456893921,non-Mask,Mask,"['89', '63', '373', '374']","['105', '123', '373', '370']"
161,mask_59.txt,-0.14460218158485724,0.9838012456893921,non-Mask,Mask,"['89', '63', '373', '374']","['494', '134', '617', '283']"
162,mask_6.txt,0.5661848072562359,0.8827618956565857,Mask,Mask,"['82', '58', '180', '202']","['87', '88', '172', '182']"
163,mask_6.txt,-0.38935623320481366,0.8827618956565857,Mask,Mask,"['82', '58', '180', '202']","['335', '89', '414', '175']"
164,mask_6.txt,-0.39385474860335196,0.7926026582717896,Mask,Mask,"['313', '56', '401', '197']","['87', '88', '172', '182']"
165,mask_6.txt,0.41963625609936417,0.7926026582717896,Mask,Mask,"['313', '56', '401', '197']","['335', '89', '414', '175']"
166,mask_60.txt,0.5907172995780591,0.9754254817962646,non-Mask,Mask,"['208', '96', '313', '237']","['222', '128', '319', '228']"
167,mask_60.txt,-0.5586044201638937,0.9754254817962646,non-Mask,non-Mask,"['208', '96', '313', '237']","['722', '160', '818', '265']"
168,mask_60.txt,-0.16913069189828503,0.9754254817962646,non-Mask,Mask,"['208', '96', '313', '237']","['62', '144', '87', '170']"
169,mask_60.txt,-0.6424247068740899,0.7430425882339478,non-Mask,Mask,"['723', '145', '806', '253']","['222', '128', '319', '228']"
170,mask_60.txt,0.68158940397351,0.7430425882339478,non-Mask,non-Mask,"['723', '145', '806', '253']","['722', '160', '818', '265']"
171,mask_60.txt,-0.6231872697342635,0.7430425882339478,non-Mask,Mask,"['723', '145', '806', '253']","['62', '144', '87', '170']"
172,mask_61.txt,0.6178411674121874,0.9630094766616821,non-Mask,Mask,"['320', '129', '457', '278']","['318', '155', '474', '307']"
173,mask_62.txt,-0.5255024705210732,0.9920842051506042,Mask,Mask,"['410', '108', '521', '237']","['26', '121', '129', '216']"
174,mask_62.txt,-0.21767522855899,0.9920842051506042,Mask,Mask,"['410', '108', '521', '237']","['227', '91', '335', '208']"
175,mask_62.txt,0.5899705014749262,0.9920842051506042,Mask,Mask,"['410', '108', '521', '237']","['419', '137', '505', '240']"
176,mask_62.txt,-0.3342028769471566,0.9920842051506042,Mask,Mask,"['410', '108', '521', '237']","['635', '106', '739', '226']"
177,mask_62.txt,-0.25081933930798456,0.979387104511261,Mask,Mask,"['223', '71', '336', '213']","['26', '121', '129', '216']"
178,mask_62.txt,0.7874859778137854,0.979387104511261,Mask,Mask,"['223', '71', '336', '213']","['227', '91', '335', '208']"
179,mask_62.txt,-0.20210175573497371,0.979387104511261,Mask,Mask,"['223', '71', '336', '213']","['419', '137', '505', '240']"
180,mask_62.txt,-0.5286438969579801,0.979387104511261,Mask,Mask,"['223', '71', '336', '213']","['635', '106', '739', '226']"
181,mask_62.txt,-0.6618634583100168,0.9769116640090942,Mask,Mask,"['627', '88', '732', '225']","['26', '121', '129', '216']"
182,mask_62.txt,-0.5583721500367738,0.9769116640090942,Mask,Mask,"['627', '88', '732', '225']","['227', '91', '335', '208']"
183,mask_62.txt,-0.3159598575590806,0.9769116640090942,Mask,Mask,"['627', '88', '732', '225']","['419', '137', '505', '240']"
184,mask_62.txt,0.7533611800026107,0.9769116640090942,Mask,Mask,"['627', '88', '732', '225']","['635', '106', '739', '226']"
185,mask_62.txt,0.6052889324191969,0.7468584179878235,Mask,Mask,"['19', '98', '142', '205']","['26', '121', '129', '216']"
186,mask_62.txt,-0.26066146967786313,0.7468584179878235,Mask,Mask,"['19', '98', '142', '205']","['227', '91', '335', '208']"
187,mask_62.txt,-0.46104515971117366,0.7468584179878235,Mask,Mask,"['19', '98', '142', '205']","['419', '137', '505', '240']"
188,mask_62.txt,-0.6555851063829787,0.7468584179878235,Mask,Mask,"['19', '98', '142', '205']","['635', '106', '739', '226']"
189,mask_63.txt,0.882622961418481,0.943392276763916,non-Mask,non-Mask,"['335', '93', '554', '369']","['351', '100', '557', '372']"
190,mask_64.txt,0.7818437300911565,0.9876219034194946,non-Mask,non-Mask,"['649', '237', '1173', '835']","['692', '289', '1177', '877']"
191,mask_65.txt,0.9014030612244898,0.5622573494911194,non-Mask,non-Mask,"['317', '3', '513', '123']","['317', '3', '508', '114']"
192,mask_66.txt,0.0,0.6149026155471802,Mask,,"['230', '84', '432', '283']","[None, None, None]"
193,mask_68.txt,0.0,0.7415506839752197,Mask,,"['64', '14', '178', '125']","[None, None, None]"
194,mask_69.txt,0.0,0.9848930835723877,Mask,,"['425', '192', '801', '546']","[None, None, None]"
195,mask_7.txt,0.58303265797021,0.9765254259109497,Mask,Mask,"['139', '82', '401', '459']","['105', '165', '369', '439']"
196,mask_7.txt,-0.3551268904923888,0.9765254259109497,Mask,Mask,"['139', '82', '401', '459']","['735', '165', '990', '446']"
197,mask_7.txt,-0.33667708278163233,0.9340461492538452,Mask,Mask,"['717', '93', '1008', '490']","['105', '165', '369', '439']"
198,mask_7.txt,0.6202446181412138,0.9340461492538452,Mask,Mask,"['717', '93', '1008', '490']","['735', '165', '990', '446']"
199,mask_70.txt,0.0,0.9937583208084106,Mask,,"['22', '19', '168', '172']","[None, None, None]"
200,mask_72.txt,-0.3675645342312009,0.8871947526931763,Mask,non-Mask,"['372', '61', '466', '184']","['170', '39', '241', '146']"
201,mask_72.txt,0.7304964539007093,0.8871947526931763,Mask,Mask,"['372', '61', '466', '184']","['384', '80', '466', '183']"
202,mask_72.txt,-0.43763589642221784,0.8871947526931763,Mask,non-Mask,"['372', '61', '466', '184']","['630', '94', '698', '175']"
203,mask_72.txt,-0.6415222562011553,0.8549844026565552,non-Mask,non-Mask,"['625', '87', '686', '170']","['170', '39', '241', '146']"
204,mask_72.txt,-0.49415861604133904,0.8549844026565552,non-Mask,Mask,"['625', '87', '686', '170']","['384', '80', '466', '183']"
205,mask_72.txt,0.673950910530483,0.8549844026565552,non-Mask,non-Mask,"['625', '87', '686', '170']","['630', '94', '698', '175']"
206,mask_72.txt,0.6598136228264002,0.6152107119560242,non-Mask,non-Mask,"['150', '30', '238', '140']","['170', '39', '241', '146']"
207,mask_72.txt,-0.3258201294353939,0.6152107119560242,non-Mask,Mask,"['150', '30', '238', '140']","['384', '80', '466', '183']"
208,mask_72.txt,-0.5428055388320289,0.6152107119560242,non-Mask,non-Mask,"['150', '30', '238', '140']","['630', '94', '698', '175']"
209,mask_73.txt,0.8914933837429112,0.9237083792686462,non-Mask,non-Mask,"['223', '121', '338', '259']","['226', '126', '334', '257']"
210,mask_73.txt,-0.21252331182160922,0.9237083792686462,non-Mask,non-Mask,"['223', '121', '338', '259']","['602', '199', '789', '428']"
211,mask_75.txt,0.4871402080141901,0.9773505330085754,non-Mask,Mask,"['238', '152', '366', '340']","['231', '180', '352', '286']"
212,mask_76.txt,0.7430962343096235,0.7066272497177124,non-Mask,Mask,"['312', '118', '423', '273']","['306', '150', '423', '270']"
213,mask_77.txt,0.731432298946976,0.9576056003570557,non-Mask,Mask,"['270', '189', '417', '408']","['271', '216', '412', '383']"
214,mask_78.txt,0.6420650451961607,0.9576056003570557,non-Mask,Mask,"['270', '189', '417', '408']","['280', '226', '410', '385']"
215,mask_79.txt,0.7172194215972406,0.9876313209533691,non-Mask,non-Mask,"['421', '119', '530', '268']","['410', '136', '540', '260']"
216,mask_8.txt,-0.392518304630298,0.967552900314331,Mask,Mask,"['510', '73', '669', '267']","['190', '122', '300', '270']"
217,mask_8.txt,0.59168840849795,0.967552900314331,Mask,Mask,"['510', '73', '669', '267']","['501', '116', '637', '266']"
218,mask_8.txt,0.6693306693306693,0.8836421370506287,Mask,Mask,"['168', '102', '301', '256']","['190', '122', '300', '270']"
219,mask_8.txt,-0.40649226212943873,0.8836421370506287,Mask,Mask,"['168', '102', '301', '256']","['501', '116', '637', '266']"
220,mask_80.txt,0.7450246837395865,0.9998776912689209,non-Mask,non-Mask,"['448', '90', '594', '256']","['449', '119', '590', '268']"
221,mask_81.txt,0.0,,,Mask,"[None, None, None, None]","['313', '125', '419', '234']"
222,mask_82.txt,-0.6293723047436511,0.90477454662323,non-Mask,non-Mask,"['352', '142', '396', '193']","['88', '156', '139', '203']"
223,mask_82.txt,0.6200432588320115,0.90477454662323,non-Mask,non-Mask,"['352', '142', '396', '193']","['353', '153', '398', '203']"
224,mask_83.txt,0.7152164594942134,0.7599841356277466,Mask,non-Mask,"['207', '58', '300', '179']","['219', '74', '304', '177']"
225,mask_84.txt,0.7050288444729328,0.9832639694213867,Mask,Mask,"['80', '57', '196', '204']","['85', '92', '197', '201']"
226,mask_84.txt,-0.45142821581927933,0.9832639694213867,Mask,Mask,"['80', '57', '196', '204']","['430', '107', '531', '200']"
227,mask_84.txt,-0.5110173464603844,0.9063888788223267,Mask,Mask,"['427', '82', '526', '201']","['85', '92', '197', '201']"
228,mask_84.txt,0.7290543851053405,0.9063888788223267,Mask,Mask,"['427', '82', '526', '201']","['430', '107', '531', '200']"
229,mask_9.txt,-0.44723326598448804,0.7937171459197998,Mask,Mask,"['842', '123', '1128', '513']","['82', '161', '308', '418']"
230,mask_9.txt,0.624198930141412,0.7937171459197998,Mask,Mask,"['842', '123', '1128', '513']","['836', '170', '1085', '461']"
231,mask_9.txt,0.622373005684944,0.720183253288269,Mask,Mask,"['95', '113', '355', '400']","['82', '161', '308', '418']"
232,mask_9.txt,-0.42928264049761555,0.720183253288269,Mask,Mask,"['95', '113', '355', '400']","['836', '170', '1085', '461']"
233,non_mask_0.txt,0.25405936107544747,0.5911975502967834,non-Mask,non-Mask,"['265', '102', '421', '385']","['363', '132', '459', '364']"
234,non_mask_1.txt,0.5711424756818615,0.9881608486175537,non-Mask,Mask,"['201', '55', '332', '283']","['219', '107', '342', '266']"
